destination_path	source_snapshot	source_path	source_sha256	imported_blob_sha256	import_identity	imported_utc	import_commit	current_role	notes
src/marisa_b/marisa_b_native.cpp	marisa-b-portable current handoff 2026-07-28	codes/marisa_b/marisa_b_native.cpp	d3ddf662ca5bb8a36c8126dd72dfb4c19b6b61c87ec6b65047c4c1361bc112b2	d3ddf662ca5bb8a36c8126dd72dfb4c19b6b61c87ec6b65047c4c1361bc112b2	first_party_current_import	2026-07-28T01:09:16Z	673ea99c2ae6c4a21c56a4731dcd39802518f1a3	canonical_native_core	Authoritative acquisition source is the current portable first-party source, not a historical archive
src/marisa_b/marisa_b_native.h	marisa-b-portable current handoff 2026-07-28	codes/marisa_b/marisa_b_native.h	28743d88b165f74edf2708d995a066336841c3c6a0ea72364b4df985f80eb184	28743d88b165f74edf2708d995a066336841c3c6a0ea72364b4df985f80eb184	first_party_current_import	2026-07-28T01:09:16Z	673ea99c2ae6c4a21c56a4731dcd39802518f1a3	canonical_native_api	Authoritative acquisition source is the current portable first-party source, not a historical archive
src/marisa_b/marisa_b_triangle.cpp	marisa-b-portable current handoff 2026-07-28	codes/marisa_b/marisa_b_triangle.cpp	d953245240787bd065f11fd683e506c2f06a33e3dee335dd94730387812ba1d2	d953245240787bd065f11fd683e506c2f06a33e3dee335dd94730387812ba1d2	first_party_current_import	2026-07-28T01:09:16Z	673ea99c2ae6c4a21c56a4731dcd39802518f1a3	native_cli	Imported byte-for-byte from the current portable first-party source
src/react_adapter/react_bspt_driver.cpp	marisa-b-portable current handoff 2026-07-28	codes/react_bspt_driver.cpp	91a5194de78f9d00cb15ec6360def3ef5a855db50fc724f4770ce3cbac7bb98e	91a5194de78f9d00cb15ec6360def3ef5a855db50fc724f4770ce3cbac7bb98e	first_party_current_import	2026-07-28T01:26:41Z	673ea99c2ae6c4a21c56a4731dcd39802518f1a3	react_gr_diagnostic_cli	Imported byte-for-byte from the current portable first-party source; compiled only through the build-time ReACT GR diagnostics adapter
scripts/production/audit_quijote_dm_spt_react_bspt_driver.py	marisa-b-portable current handoff 2026-07-28	codes/audit_quijote_dm_spt_react_bspt_driver.py	2c4322462441e986f90c6fcdf71d7c4f40841271ddb00c8bc413f2495bb8d297	7049e5949acfa25620cda71f55a64153d50a0abebe1b2aa177ba52e5a6b05c5f	first_party_current_import	2026-07-28T01:09:16Z	673ea99c2ae6c4a21c56a4731dcd39802518f1a3	production_support	Imported byte-for-byte from the current portable first-party source
scripts/production/produce_quijote_dm_marisa_b_b000_theory_vector.py	marisa-b-portable current handoff 2026-07-28	codes/produce_quijote_dm_marisa_b_b000_theory_vector.py	4d6577af24a5da5e9142270d5f1e87258ee9073f1ffaed4a641f2d149b64842d	4d6577af24a5da5e9142270d5f1e87258ee9073f1ffaed4a641f2d149b64842d	first_party_current_import	2026-07-28T01:09:16Z	673ea99c2ae6c4a21c56a4731dcd39802518f1a3	production_support	Imported byte-for-byte from the current portable first-party source
scripts/production/produce_quijote_dm_marisa_b_local_png_tree_b000_vector.py	marisa-b-portable current handoff 2026-07-28	codes/produce_quijote_dm_marisa_b_local_png_tree_b000_vector.py	2120e9847df7582857e16afeb96948ed32c697d1af98caf8791c5a2a9bb2a346	dd06696487d48d6109a945d4eb4cc6d54cd4043e4821a51b9c318b4ad1843402	first_party_current_import	2026-07-28T01:28:40Z	673ea99c2ae6c4a21c56a4731dcd39802518f1a3	production_support	Imported from the current portable first-party source, then normalized only for repository/data-root discovery in the standalone layout; source and normalized blob hashes are recorded separately
scripts/production/produce_quijote_halo_marisa_b_bias_v1_gaussian_templates.py	marisa-b-portable current handoff 2026-07-28	codes/produce_quijote_halo_marisa_b_bias_v1_gaussian_templates.py	68c7d152de44fa52383189441bdccf8738e9fb18df4b7f0e7445f352c19df6bd	e6814f2d55f9ef1b1ae508997aa2ab4a712ee70d45d50434f650d15c5d65b53f	first_party_current_import	2026-07-28T01:09:16Z	673ea99c2ae6c4a21c56a4731dcd39802518f1a3	production_support	Imported byte-for-byte from the current portable first-party source
scripts/production/quijote_dm_spt1loop_realspace.py	marisa-b-portable current handoff 2026-07-28	codes/quijote_dm_spt1loop_realspace.py	9a3c21431d64a20a20e57e82835438a4e19c8f1c0d02795c2b0fb476bf98b5fb	2cba8aefa7fe4d10e74701211de00955527f6c71a2bd5e1ad5813eb02e8b49ad	first_party_current_import	2026-07-28T01:09:16Z	673ea99c2ae6c4a21c56a4731dcd39802518f1a3	production_support	Imported byte-for-byte from the current portable first-party source
scripts/production/run_marisa_b_triangle.py	marisa-b-portable current handoff 2026-07-28	codes/run_marisa_b_triangle.py	3d60637fe146dd6a417b722ba858ad0c3fcb9731f28b1c7f421db45cf6344fe2	b0fe5238660a20de3c08ac3fca98429601c0c66d8764876138b1ad7c25c62120	first_party_current_import	2026-07-28T01:09:16Z	673ea99c2ae6c4a21c56a4731dcd39802518f1a3	production_support	Imported byte-for-byte from the current portable first-party source
scripts/production/run_post_recon_halo_finite_png_v1.py	marisa-b-portable current handoff 2026-07-28	codes/run_post_recon_halo_finite_png_v1.py	5a41edb205a95dd4bc6bcdf2450d0b1f652d230a0f31585973994717773ac528	47e357c76be975c3e7403b9ea1e70983936343b8186892b45f383c252b7f47d1	first_party_current_import	2026-07-28T01:09:16Z	673ea99c2ae6c4a21c56a4731dcd39802518f1a3	production_runner	Imported byte-for-byte from the current portable first-party source
scripts/production/run_post_recon_halo_finite_png_v1_variants.sh	marisa-b-portable current handoff 2026-07-28	codes/run_post_recon_halo_finite_png_v1_variants.sh	2e4ae2f0b07f21252664ddccb55e555da954d2f53700b9772b96d87460c5bee7	4d420aa32b3896ef5fe22cc92ec40a654dbdc66f94647a2876240a9e4bd71ee2	first_party_current_import	2026-07-28T01:09:16Z	673ea99c2ae6c4a21c56a4731dcd39802518f1a3	production_runner	Imported byte-for-byte from the current portable first-party source
scripts/production/run_pre_recon_bias_model_v3.py	marisa-b-portable current handoff 2026-07-28	codes/run_pre_recon_bias_model_v3.py	25aa82188e774fc561900397241d4c069136e1b340eab7d083ec75c80af6de2f	b501eeacec2a0bdf439318e28790a22acd8214012da8874d1c58b219c7c4d851	first_party_current_import	2026-07-28T01:09:16Z	673ea99c2ae6c4a21c56a4731dcd39802518f1a3	production_runner	Imported byte-for-byte from the current portable first-party source
scripts/production/run_pre_recon_halo_png_uplift_v1.py	marisa-b-portable current handoff 2026-07-28	codes/run_pre_recon_halo_png_uplift_v1.py	72f99e3cd444c73f9a6e38f68aa27d5d5fb1eed50ab55e33d6b5d8a2f138e1c7	65af2efc2005b61d81a84ef251b9efb3ac367121556651afd90db3f2c44a672e	first_party_current_import	2026-07-28T01:09:16Z	673ea99c2ae6c4a21c56a4731dcd39802518f1a3	legacy_support_dependency	Imported for current production dependency closure; uplift is not a production inference tier
scripts/production/run_pre_recon_halo_png_v1.py	marisa-b-portable current handoff 2026-07-28	codes/run_pre_recon_halo_png_v1.py	3304e5d066f7c68d3fa39143fc7aad58ca474858046d4f752da8c0949b5ba2da	0d18de6afddc332861fa35ef32535e91b58e670f6fed8454e7e66eb8e0c7ed90	first_party_current_import	2026-07-28T01:09:16Z	673ea99c2ae6c4a21c56a4731dcd39802518f1a3	production_support	Imported byte-for-byte from the current portable first-party source
scripts/production/run_pre_recon_halo_tree_fnl2_v1.py	marisa-b-portable current handoff 2026-07-28	codes/run_pre_recon_halo_tree_fnl2_v1.py	4449eb558c5ea0586eedc22ba9d61a1059582123c44b459f82d0e3810cb043d8	f2317bd2dda9b6a8b62a66322664b47148915fa6148ae65aedccfb04cd9d497b	first_party_current_import	2026-07-28T01:09:16Z	673ea99c2ae6c4a21c56a4731dcd39802518f1a3	production_runner	Imported byte-for-byte from the current portable first-party source
scripts/production/run_prepost_recon_halo_fnl_mcmc_v1.py	marisa-b-portable current handoff 2026-07-28	codes/run_prepost_recon_halo_fnl_mcmc_v1.py	9df486b20867868519e7d85b9d86f22bdeb3917b066432cda8a8e3615701bdfe	bff478bd443ae435d4774a56c2a5e67f5d5da4b0eab556bd18218eb31c4da907	first_party_current_import	2026-07-28T01:09:16Z	673ea99c2ae6c4a21c56a4731dcd39802518f1a3	production_runner	Imported byte-for-byte from the current portable first-party source
scripts/production/test_marisa_b_halo_bias_v1_png_1loop.py	marisa-b-portable current handoff 2026-07-28	codes/test_marisa_b_halo_bias_v1_png_1loop.py	e9eb476ba5e09c11b1d1a058cb85a48ca11fd0dfe0dc06c21c2ae5d3da44c2e2	edea9d2304f1702c1c511fdc34eb9409398de6d1243c9732a3641b214e089ca7	first_party_current_import	2026-07-28T01:09:16Z	673ea99c2ae6c4a21c56a4731dcd39802518f1a3	production_validation	Imported byte-for-byte from the current portable first-party source
